gf_name,topology,T,eta,maxbond,error_l1,mem_bytes
gk,QTT,50.0,0.001,20,1.105876486477091,1129080
gk,ITTN,50.0,0.001,20,1.301452623771212,1665848
gk,CTTN,50.0,0.001,20,0.48833484354505574,1062408
gk,QTT,50.0,0.001,40,0.9439568472005575,1413272
gk,ITTN,50.0,0.001,40,0.649297118339209,2842200
gk,CTTN,50.0,0.001,40,0.09217390411936836,1233768
gk,QTT,50.0,0.001,60,0.695840735435621,1603512
gk,ITTN,50.0,0.001,60,0.3499902791516039,4082040
gk,CTTN,50.0,0.001,60,0.0005393182265151556,1320360
gk,QTT,50.0,0.001,80,0.5222240349110655,1754392
gk,ITTN,50.0,0.001,80,0.17305857906571753,5037176
gk,CTTN,50.0,0.001,80,1.2297315407119768e-6,1372840
gk,QTT,50.0,0.001,100,0.2180348309220009,1863288
gk,ITTN,50.0,0.001,100,0.042934552634918084,6102520
gk,CTTN,50.0,0.001,100,3.202482540576726e-9,1403016
gk,QTT,50.0,0.001,120,0.05312246844866779,1927576
gk,ITTN,50.0,0.001,120,0.0005536772129630932,7169176
gk,CTTN,50.0,0.001,120,2.58819871869176e-9,1408264
gk,QTT,50.0,0.001,140,0.0015599957203057569,1980632
gk,ITTN,50.0,0.001,140,5.937285958048274e-5,8242968
gk,CTTN,50.0,0.001,140,2.2166666794058002e-9,1408264
gk,QTT,50.0,0.001,160,1.665629266380506e-5,1999000
gk,ITTN,50.0,0.001,160,0.0001264133811418104,8930456
gk,CTTN,50.0,0.001,160,2.408136937641284e-9,1410888
gk,QTT,50.0,0.001,180,3.750280012889674e-8,2034424
gk,ITTN,50.0,0.001,180,7.953703749294535e-5,9645496
gk,CTTN,50.0,0.001,180,2.702354401100494e-9,1409576
gk,QTT,50.0,0.001,200,2.442007881956366e-9,2055416
gk,ITTN,50.0,0.001,200,8.293894444374749e-5,10393336
gk,CTTN,50.0,0.001,200,2.5470699352619327e-9,1414824
gk,QTT,50.0,0.01,20,0.6357138907576049,1155320
gk,ITTN,50.0,0.01,20,0.9268830157201527,1709144
gk,CTTN,50.0,0.01,20,0.2675591470148734,1093896
gk,QTT,50.0,0.01,40,0.7573134248944504,1460504
gk,ITTN,50.0,0.01,40,0.42751627345611415,2860568
gk,CTTN,50.0,0.01,40,0.042966032488999446,1266568
gk,QTT,50.0,0.01,60,0.4224675569164646,1661240
gk,ITTN,50.0,0.01,60,0.18120830398611748,4131896
gk,CTTN,50.0,0.01,60,0.00037701571941568416,1367592
gk,QTT,50.0,0.01,80,0.24226631205296328,1802936
gk,ITTN,50.0,0.01,80,0.04077073353734882,5185432
gk,CTTN,50.0,0.01,80,1.4452687984415723e-6,1425320
gk,QTT,50.0,0.01,100,0.08494969304462258,1911832
gk,ITTN,50.0,0.01,100,0.009701505413094518,6182552
gk,CTTN,50.0,0.01,100,3.765294944196355e-9,1454184
gk,QTT,50.0,0.01,120,0.009664964714165053,1972184
gk,ITTN,50.0,0.01,120,0.0010452945403524763,7258392
gk,CTTN,50.0,0.01,120,1.9177664256099313e-9,1464680
gk,QTT,50.0,0.01,140,0.00030059724736272736,2026552
gk,ITTN,50.0,0.01,140,0.0009348008403998679,8236408
gk,CTTN,50.0,0.01,140,2.215622752012419e-9,1452872
gk,QTT,50.0,0.01,160,4.455237553025107e-6,2048856
gk,ITTN,50.0,0.01,160,0.0007075844615519823,9014424
gk,CTTN,50.0,0.01,160,1.6762361548729078e-9,1467304
gk,QTT,50.0,0.01,180,2.634089626797841e-8,2082968
gk,ITTN,50.0,0.01,180,0.0007142933727499469,10023352
gk,CTTN,50.0,0.01,180,1.2165349064597343e-9,1467304
gk,QTT,50.0,0.01,200,1.518044736174131e-9,2105272
gk,ITTN,50.0,0.01,200,0.000627482314056361,10908952
gk,CTTN,50.0,0.01,200,1.7742199973879418e-9,1472552
gk,QTT,50.0,0.1,20,0.28424457342291926,1168440
gk,ITTN,50.0,0.1,20,0.3303532471332676,1685528
gk,CTTN,50.0,0.1,20,0.049352998693286104,1113576
gk,QTT,50.0,0.1,40,0.23295632792785034,1489368
gk,ITTN,50.0,0.1,40,0.10315651511071694,2886808
gk,CTTN,50.0,0.1,40,0.0012812493260004475,1313800
gk,QTT,50.0,0.1,60,0.10267212146870247,1704536
gk,ITTN,50.0,0.1,60,0.040382897417649694,4160760
gk,CTTN,50.0,0.1,60,1.0303024051379411e-5,1420072
gk,QTT,50.0,0.1,80,0.026750069670617316,1858040
gk,ITTN,50.0,0.1,80,0.02982577403841219,5269400
gk,CTTN,50.0,0.1,80,2.804665239694791e-8,1475176
gk,QTT,50.0,0.1,100,0.005536607775945552,1928888
gk,ITTN,50.0,0.1,100,0.02205044093642945,6307192
gk,CTTN,50.0,0.1,100,1.283865521387438e-9,1489608
gk,QTT,50.0,0.1,120,0.0005052480333913021,1995800
gk,ITTN,50.0,0.1,120,0.029620513464325145,7444696
gk,CTTN,50.0,0.1,120,9.543295523080327e-10,1489608
gk,QTT,50.0,0.1,140,1.0837264075411921e-7,2038360
gk,ITTN,50.0,0.1,140,0.013619019231554568,8396472
gk,CTTN,50.0,0.1,140,1.0700798577165343e-9,1497480
gk,QTT,50.0,0.1,160,2.8513372840387053e-9,2067224
gk,ITTN,50.0,0.1,160,0.01019126316520525,9341112
gk,CTTN,50.0,0.1,160,9.261284227751368e-10,1496168
gk,QTT,50.0,0.1,180,1.0788888804948833e-9,2092152
gk,ITTN,50.0,0.1,180,0.009956160367612158,10317240
gk,CTTN,50.0,0.1,180,7.369076608266314e-10,1502728
gk,QTT,50.0,0.1,200,1.0125655990920377e-9,2088216
gk,ITTN,50.0,0.1,200,0.009934330565031504,11235640
gk,CTTN,50.0,0.1,200,1.0469920834494117e-9,1497480
gk,QTT,50.0,0.0,20,2.661192776216692,969016
gk,ITTN,50.0,0.0,20,2.9069720123851144,1509720
gk,CTTN,50.0,0.0,20,0.5640707421830687,901032
gk,QTT,50.0,0.0,40,0.9155354414600069,1195480
gk,ITTN,50.0,0.0,40,1.3372329522639304,2478776
gk,CTTN,50.0,0.0,40,0.19257792140474855,1009416
gk,QTT,50.0,0.0,60,0.3806402818686459,1351608
gk,ITTN,50.0,0.0,60,0.5408415284381689,2916984
gk,CTTN,50.0,0.0,60,0.00018024690662615084,1093384
gk,QTT,50.0,0.0,80,0.5529811768887926,1488056
gk,ITTN,50.0,0.0,80,0.1923769795043322,3096728
gk,CTTN,50.0,0.0,80,3.6413541490601526e-9,1124872
gk,QTT,50.0,0.0,100,0.3728762170143068,1589080
gk,ITTN,50.0,0.0,100,0.046154073718483846,3238424
gk,CTTN,50.0,0.0,100,2.766485499415318e-9,1134056
gk,QTT,50.0,0.0,120,0.060860735288341156,1646808
gk,ITTN,50.0,0.0,120,0.0009409473981938878,3496888
gk,CTTN,50.0,0.0,120,2.7499559739711935e-9,1132744
gk,QTT,50.0,0.0,140,0.0017287306746932318,1697240
gk,ITTN,50.0,0.0,140,6.380796798378816e-6,3624728
gk,CTTN,50.0,0.0,140,2.6668844286616882e-9,1135368
gk,QTT,50.0,0.0,160,6.072342999611233e-6,1726104
gk,ITTN,50.0,0.0,160,1.626726283796303e-5,3759864
gk,CTTN,50.0,0.0,160,3.08475037603488e-9,1132744
gk,QTT,50.0,0.0,180,3.99752868160221e-8,1752344
gk,ITTN,50.0,0.0,180,1.1152477122950472e-6,3826776
gk,CTTN,50.0,0.0,180,2.9277110358860454e-9,1136680
gk,QTT,50.0,0.0,200,2.74015452057183e-9,1782520
gk,ITTN,50.0,0.0,200,3.987186221878068e-5,3801848
gk,CTTN,50.0,0.0,200,2.0338823260034982e-9,1134056
gk,QTT,50.0,1.0,20,0.1038721058433452,1222232
gk,ITTN,50.0,1.0,20,0.11508969360686852,1739320
gk,CTTN,50.0,1.0,20,0.006830166561636664,1206728
gk,QTT,50.0,1.0,40,0.04952370546101973,1686168
gk,ITTN,50.0,1.0,40,0.06726362778347655,3059992
gk,CTTN,50.0,1.0,40,0.0001020943114779156,1500104
gk,QTT,50.0,1.0,60,0.005304254195629788,1952504
gk,ITTN,50.0,1.0,60,0.059642250127193486,4324760
gk,CTTN,50.0,1.0,60,5.230974138182857e-7,1674600
gk,QTT,50.0,1.0,80,0.0007166756574795195,2147992
gk,ITTN,50.0,1.0,80,0.05961627250609481,5474072
gk,CTTN,50.0,1.0,80,2.3982164039973715e-9,1783496
gk,QTT,50.0,1.0,100,5.514694128711801e-5,2209656
gk,ITTN,50.0,1.0,100,0.06252826140375771,6614200
gk,CTTN,50.0,1.0,100,6.385126019924733e-10,1808424
gk,QTT,50.0,1.0,120,1.610061767397172e-6,2264760
gk,ITTN,50.0,1.0,120,0.0622766309710982,7683480
gk,CTTN,50.0,1.0,120,8.085881643898134e-10,1796616
gk,QTT,50.0,1.0,140,8.964663390946087e-10,2298136
gk,ITTN,50.0,1.0,140,0.0686958495647362,8749400
gk,CTTN,50.0,1.0,140,6.501813380778846e-10,1805800
gk,QTT,50.0,1.0,160,9.639215825440818e-10,2292888
gk,ITTN,50.0,1.0,160,0.056296607669338826,9564152
gk,CTTN,50.0,1.0,160,6.045654483455438e-10,1801864
gk,QTT,50.0,1.0,180,8.929821612843105e-10,2286328
gk,ITTN,50.0,1.0,180,0.06581136895092377,10697720
gk,CTTN,50.0,1.0,180,7.160523113128693e-10,1800552
gk,QTT,50.0,1.0,200,7.450289713263875e-10,2281080
gk,ITTN,50.0,1.0,200,0.056298701717069674,11626616
gk,CTTN,50.0,1.0,200,7.030007505617575e-10,1804488
gk,QTT,100.0,0.001,20,0.853500064738847,1172376
gk,ITTN,100.0,0.001,20,1.7073009191233302,1686840
gk,CTTN,100.0,0.001,20,0.6771316027696964,1108328
gk,QTT,100.0,0.001,40,1.2015738090295782,1514296
gk,ITTN,100.0,0.001,40,1.3667614334137923,2800216
gk,CTTN,100.0,0.001,40,0.22694570361252384,1330856
gk,QTT,100.0,0.001,60,0.662136544753616,1760952
gk,ITTN,100.0,0.001,60,0.6064756630455279,3975768
gk,CTTN,100.0,0.001,60,0.12704279025408308,1464680
gk,QTT,100.0,0.001,80,0.5825174951701885,1932824
gk,ITTN,100.0,0.001,80,0.23529295339209344,5064728
gk,CTTN,100.0,0.001,80,0.024158404786913834,1553896
gk,QTT,100.0,0.001,100,0.36813989080029064,2100760
gk,ITTN,100.0,0.001,100,0.07544315825488726,6224536
gk,CTTN,100.0,0.001,100,0.010836610596828774,1647048
gk,QTT,100.0,0.001,120,0.11402071432951509,2217528
gk,ITTN,100.0,0.001,120,0.004058366033928176,7329240
gk,CTTN,100.0,0.001,120,5.2287302062486775e-5,1704776
gk,QTT,100.0,0.001,140,0.03267251859527939,2316504
gk,ITTN,100.0,0.001,140,0.0002209592754689168,8414840
gk,CTTN,100.0,0.001,140,4.883077987963287e-7,1732904
gk,QTT,100.0,0.001,160,0.0014269029728706279,2379480
gk,ITTN,100.0,0.001,160,0.00013959562369961895,9489368
gk,CTTN,100.0,0.001,160,2.866579625345322e-9,1777512
gk,QTT,100.0,0.001,180,1.851819792446697e-5,2429336
gk,ITTN,100.0,0.001,180,0.00011538689130499258,10399896
gk,CTTN,100.0,0.001,180,1.897341631000296e-9,1798504
gk,QTT,100.0,0.001,200,6.459584341167579e-8,2451640
gk,ITTN,100.0,0.001,200,7.31778624621505e-5,11515096
gk,CTTN,100.0,0.001,200,2.442934716551611e-9,1795880
gk,QTT,100.0,0.01,20,0.68690723506766,1201240
gk,ITTN,100.0,0.01,20,1.1003098297219094,1690776
gk,CTTN,100.0,0.01,20,0.4101579535217265,1139816
gk,QTT,100.0,0.01,40,0.6277777153772701,1536600
gk,ITTN,100.0,0.01,40,0.6214380174127578,2843512
gk,CTTN,100.0,0.01,40,0.10944434627474857,1367592
gk,QTT,100.0,0.01,60,0.5546216264277636,1797688
gk,ITTN,100.0,0.01,60,0.33713960054482495,4101720
gk,CTTN,100.0,0.01,60,0.07708669816662414,1509288
gk,QTT,100.0,0.01,80,0.29690836297544515,1990552
gk,ITTN,100.0,0.01,80,0.10867104322933199,5176248
gk,CTTN,100.0,0.01,80,0.009507321887256915,1606376
gk,QTT,100.0,0.01,100,0.16197010544315085,2149304
gk,ITTN,100.0,0.01,100,0.025494458540993567,6280952
gk,CTTN,100.0,0.01,100,0.0009036196143716672,1696904
gk,QTT,100.0,0.01,120,0.03389198722712907,2276568
gk,ITTN,100.0,0.01,120,0.005417891657092215,7463064
gk,CTTN,100.0,0.01,120,4.199861048561026e-5,1757256
gk,QTT,100.0,0.01,140,0.005324870534452697,2361112
gk,ITTN,100.0,0.01,140,0.002659759616430551,8531608
gk,CTTN,100.0,0.01,140,3.001473481718505e-7,1793256
gk,QTT,100.0,0.01,160,0.0002739635604373064,2435896
gk,ITTN,100.0,0.01,160,0.002156065751418727,9465752
gk,CTTN,100.0,0.01,160,3.082549471422634e-9,1828680
gk,QTT,100.0,0.01,180,1.3168340910210841e-5,2475256
gk,ITTN,100.0,0.01,180,0.002138346816796473,10510104
gk,CTTN,100.0,0.01,180,1.4591166810618852e-9,1847048
gk,QTT,100.0,0.01,200,1.9632000251265647e-8,2509368
gk,ITTN,100.0,0.01,200,0.0017799783306781686,11353720
gk,CTTN,100.0,0.01,200,1.3407958279120166e-9,1850984
gk,QTT,100.0,0.1,20,0.3019717504718181,1223544
gk,ITTN,100.0,0.1,20,0.27295537792040564,1709144
gk,CTTN,100.0,0.1,20,0.052564282535853296,1122760
gk,QTT,100.0,0.1,40,0.2625157918195268,1577272
gk,ITTN,100.0,0.1,40,0.14968214115265258,2910424
gk,CTTN,100.0,0.1,40,0.012792035245515282,1406952
gk,QTT,100.0,0.1,60,0.09521665021088524,1852792
gk,ITTN,100.0,0.1,60,0.06586443924068944,4122712
gk,CTTN,100.0,0.1,60,0.0009856780292878359,1551272
gk,QTT,100.0,0.1,80,0.038186754874824126,2040408
gk,ITTN,100.0,0.1,80,0.08573989991270826,5355992
gk,CTTN,100.0,0.1,80,4.276404343190318e-5,1668040
gk,QTT,100.0,0.1,100,0.011796864671120554,2186040
gk,ITTN,100.0,0.1,100,0.026263901471258413,6412152
gk,CTTN,100.0,0.1,100,1.5543400752342333e-6,1750696
gk,QTT,100.0,0.1,120,0.0008978326559780771,2304120
gk,ITTN,100.0,0.1,120,0.027856822984666636,7642808
gk,CTTN,100.0,0.1,120,2.5852363029428656e-8,1793992
gk,QTT,100.0,0.1,140,4.268742084821156e-6,2386040
gk,ITTN,100.0,0.1,140,0.019693748603049083,8687736
gk,CTTN,100.0,0.1,140,9.269932607217276e-10,1837864
gk,QTT,100.0,0.1,160,8.250519021718394e-8,2428024
gk,ITTN,100.0,0.1,160,0.01450116942326658,9495928
gk,CTTN,100.0,0.1,160,8.2562655608362e-10,1841800
gk,QTT,100.0,0.1,180,1.6878231990048493e-9,2451640
gk,ITTN,100.0,0.1,180,0.014953892133227967,10575704
gk,CTTN,100.0,0.1,180,8.100040311213052e-10,1845736
gk,QTT,100.0,0.1,200,1.1043104563659192e-9,2464760
gk,ITTN,100.0,0.1,200,0.012941245212696092,11439000
gk,CTTN,100.0,0.1,200,1.0719974175568893e-9,1844424
gk,QTT,100.0,0.0,20,1.6830426898193729,1016248
gk,ITTN,100.0,0.0,20,25.602982352925263,1533336
gk,CTTN,100.0,0.0,20,1.1045889058098597,949576
gk,QTT,100.0,0.0,40,2.0672597155010175,1291256
gk,ITTN,100.0,0.0,40,23.40814863942492,2528632
gk,CTTN,100.0,0.0,40,0.5511189031797604,1105192
gk,QTT,100.0,0.0,60,0.5883235031604828,1494616
gk,ITTN,100.0,0.0,60,0.8289605233352677,3460152
gk,CTTN,100.0,0.0,60,0.20488915205778951,1208840
gk,QTT,100.0,0.0,80,0.5794442976962326,1665176
gk,ITTN,100.0,0.0,80,0.3203961746168553,4017752
gk,CTTN,100.0,0.0,80,0.0007559011186199153,1288872
gk,QTT,100.0,0.0,100,0.4360152030183632,1846232
gk,ITTN,100.0,0.0,100,0.08071770274816899,4158136
gk,CTTN,100.0,0.0,100,2.290769659847713e-7,1361032
gk,QTT,100.0,0.0,120,0.23635303504163951,1948568
gk,ITTN,100.0,0.0,120,0.004182247553665258,4568792
gk,CTTN,100.0,0.0,120,2.1104750440351377e-9,1413512
gk,QTT,100.0,0.0,140,0.03392756394352469,1993752
gk,ITTN,100.0,0.0,140,4.344515647051018e-5,4903928
gk,CTTN,100.0,0.0,140,2.853954972950422e-9,1416136
gk,QTT,100.0,0.0,160,0.0018225473901997353,2023928
gk,ITTN,100.0,0.0,160,4.324773970903205e-6,5242424
gk,CTTN,100.0,0.0,160,2.948784320925001e-9,1416136
gk,QTT,100.0,0.0,180,2.9191086026952095e-5,2055416
gk,ITTN,100.0,0.0,180,1.3449004792274497e-5,5374936
gk,CTTN,100.0,0.0,180,2.9157829263392345e-9,1410888
gk,QTT,100.0,0.0,200,7.48127222480046e-8,2075096
gk,ITTN,100.0,0.0,200,9.742857109526395e-6,5418232
gk,CTTN,100.0,0.0,200,2.753086389993981e-9,1414824
gk,QTT,100.0,1.0,20,0.08175573201847587,1268152
gk,ITTN,100.0,1.0,20,0.10870863276319093,1753752
gk,CTTN,100.0,1.0,20,0.010234206804321331,1198856
gk,QTT,100.0,1.0,40,0.03460495221526777,1742584
gk,ITTN,100.0,1.0,40,0.08465740921589304,3079672
gk,CTTN,100.0,1.0,40,0.0003093516564871077,1576200
gk,QTT,100.0,1.0,60,0.004652002372483396,2094200
gk,ITTN,100.0,1.0,60,0.05809406060819235,4290648
gk,CTTN,100.0,1.0,60,1.0485463933648999e-5,1808424
gk,QTT,100.0,1.0,80,0.0007958042462486245,2323800
gk,ITTN,100.0,1.0,80,0.02516577420933874,5464888
gk,CTTN,100.0,1.0,80,1.499909016795683e-7,1968488
gk,QTT,100.0,1.0,100,8.094027011854027e-5,2482552
gk,ITTN,100.0,1.0,100,0.04985015427285272,6590584
gk,CTTN,100.0,1.0,100,2.275768373539555e-9,2062952
gk,QTT,100.0,1.0,120,1.0666191271063057e-6,2562584
gk,ITTN,100.0,1.0,120,0.05373236184757036,7863224
gk,CTTN,100.0,1.0,120,6.201902443081577e-10,2103624
gk,QTT,100.0,1.0,140,6.275042377157675e-10,2594648
gk,ITTN,100.0,1.0,140,0.029191139095382117,8753336
gk,CTTN,100.0,1.0,140,4.879105938566476e-10,2102312
gk,QTT,100.0,1.0,160,7.327538183402995e-10,2582840
gk,ITTN,100.0,1.0,160,0.05257484582373968,9974808
gk,CTTN,100.0,1.0,160,5.458198668471497e-10,2087880
gk,QTT,100.0,1.0,180,8.406859145951208e-10,2572344
gk,ITTN,100.0,1.0,180,0.05146554651446997,10813176
gk,CTTN,100.0,1.0,180,5.729755937640289e-10,2103624
gk,QTT,100.0,1.0,200,6.35152136265398e-10,2589400
gk,ITTN,100.0,1.0,200,0.07544287965556817,11921816
gk,CTTN,100.0,1.0,200,6.091255286046859e-10,2089192
gk,QTT,150.0,0.001,20,1.3529638463925773,1197304
gk,ITTN,150.0,0.001,20,2.709808499204062,1693400
gk,CTTN,150.0,0.001,20,0.4625675489803599,1137192
gk,QTT,150.0,0.001,40,1.0250036920733927,1569400
gk,ITTN,150.0,0.001,40,2.769063853524277,2844824
gk,CTTN,150.0,0.001,40,0.34806013746073855,1389896
gk,QTT,150.0,0.001,60,0.6366568325727853,1839672
gk,ITTN,150.0,0.001,60,0.7932628967311147,3971832
gk,CTTN,150.0,0.001,60,0.24398248769511025,1548648
gk,QTT,150.0,0.001,80,0.6186001447485728,2060088
gk,ITTN,150.0,0.001,80,0.3728445669777256,5027992
gk,CTTN,150.0,0.001,80,0.08746103516668793,1675912
gk,QTT,150.0,0.001,100,0.36349411403770393,2228024
gk,ITTN,150.0,0.001,100,0.13171568610753584,6316376
gk,CTTN,150.0,0.001,100,0.036881163948518356,1769064
gk,QTT,150.0,0.001,120,0.14438019102877253,2376280
gk,ITTN,150.0,0.001,120,0.01564778883679148,7418456
gk,CTTN,150.0,0.001,120,0.008428128213407035,1856968
gk,QTT,150.0,0.001,140,0.05723551668144733,2504120
gk,ITTN,150.0,0.001,140,0.001260746674064566,8507992
gk,CTTN,150.0,0.001,140,0.0003617128382087875,1931016
gk,QTT,150.0,0.001,160,0.0016835911299358736,2584152
gk,ITTN,150.0,0.001,160,0.0005194444568400654,9527416
gk,CTTN,150.0,0.001,160,7.795388979116186e-6,1984808
gk,QTT,150.0,0.001,180,4.952583951225765e-5,2672056
gk,ITTN,150.0,0.001,180,0.00031947809392477133,10591448
gk,CTTN,150.0,0.001,180,1.378679275426345e-7,2034664
gk,QTT,150.0,0.001,200,5.283395111860106e-8,2748152
gk,ITTN,150.0,0.001,200,0.0002489837543528447,11679096
gk,CTTN,150.0,0.001,200,4.870279166569443e-9,2083208
gk,QTT,150.0,0.01,20,0.7965967094624372,1222232
gk,ITTN,150.0,0.01,20,0.7887347132306133,1717016
gk,CTTN,150.0,0.01,20,0.34694955765291824,1163432
gk,QTT,150.0,0.01,40,0.7277195620896595,1612696
gk,ITTN,150.0,0.01,40,0.6502773910269,2864504
gk,CTTN,150.0,0.01,40,0.2369502857967603,1409576
gk,QTT,150.0,0.01,60,0.5374133966843712,1871160
gk,ITTN,150.0,0.01,60,0.7135221685825228,4074168
gk,CTTN,150.0,0.01,60,0.10505189897048146,1582760
gk,QTT,150.0,0.01,80,0.4054196399531909,2104696
gk,ITTN,150.0,0.01,80,0.346336046560983,5251032
gk,CTTN,150.0,0.01,80,0.03855902389436193,1717896
gk,QTT,150.0,0.01,100,0.14631648143746612,2273944
gk,ITTN,150.0,0.01,100,0.16136151414729774,6196984
gk,CTTN,150.0,0.01,100,0.012018457086413322,1818920
gk,QTT,150.0,0.01,120,0.04840919302741296,2428760
gk,ITTN,150.0,0.01,120,0.04136969849183023,7497176
gk,CTTN,150.0,0.01,120,0.002554985311309565,1904200
gk,QTT,150.0,0.01,140,0.006856969734163382,2560536
gk,ITTN,150.0,0.01,140,0.006621688492926471,8540792
gk,CTTN,150.0,0.01,140,0.00018490067072314052,1983496
gk,QTT,150.0,0.01,160,0.0006433233911489059,2637944
gk,ITTN,150.0,0.01,160,0.007513513183381147,9774072
gk,CTTN,150.0,0.01,160,2.230871448845204e-5,2034664
gk,QTT,150.0,0.01,180,1.5212576399319773e-5,2714040
gk,ITTN,150.0,0.01,180,0.0039870002471216835,10608504
gk,CTTN,150.0,0.01,180,2.005376666572402e-7,2085832
gk,QTT,150.0,0.01,200,5.0842456480834425e-8,2796696
gk,ITTN,150.0,0.01,200,0.004801183996484741,11782744
gk,CTTN,150.0,0.01,200,3.45363725584853e-9,2130440
gk,QTT,150.0,0.1,20,0.2944972336872149,1235352
gk,ITTN,150.0,0.1,20,0.4151964394320484,1719640
gk,CTTN,150.0,0.1,20,0.0745253772856639,1159496
gk,QTT,150.0,0.1,40,0.20330045929153798,1629752
gk,ITTN,150.0,0.1,40,0.18354624974974362,2949784
gk,CTTN,150.0,0.1,40,0.01876861441750472,1442376
gk,QTT,150.0,0.1,60,0.09804794197473048,1938072
gk,ITTN,150.0,0.1,60,0.08748953687803439,4176504
gk,CTTN,150.0,0.1,60,0.0038019762856941514,1626056
gk,QTT,150.0,0.1,80,0.031053185714426813,2168984
gk,ITTN,150.0,0.1,80,0.08800401926421675,5409784
gk,CTTN,150.0,0.1,80,0.0003821919984186183,1784808
gk,QTT,150.0,0.1,100,0.015527392631535922,2315928
gk,ITTN,150.0,0.1,100,0.05082276584550124,6406904
gk,CTTN,150.0,0.1,100,4.9872627286047656e-5,1881896
gk,QTT,150.0,0.1,120,0.0009308010532169566,2475992
gk,ITTN,150.0,0.1,120,0.04291360325261778,7540472
gk,CTTN,150.0,0.1,120,2.302891348559471e-6,1972424
gk,QTT,150.0,0.1,140,2.5067360074184283e-6,2615640
gk,ITTN,150.0,0.1,140,0.03518210466681503,8528984
gk,CTTN,150.0,0.1,140,1.0941118814707251e-7,2054344
gk,QTT,150.0,0.1,160,7.01495573080285e-8,2666808
gk,ITTN,150.0,0.1,160,0.03638969856241241,9578584
gk,CTTN,150.0,0.1,160,4.5077638708447245e-9,2088456
gk,QTT,150.0,0.1,180,1.3288244213568124e-9,2731096
gk,ITTN,150.0,0.1,180,0.029210711955033553,10769880
gk,CTTN,150.0,0.1,180,8.466392281360886e-10,2119944
gk,QTT,150.0,0.1,200,8.350093782955182e-10,2742904
gk,ITTN,150.0,0.1,200,0.02559899718607144,11705336
gk,CTTN,150.0,0.1,200,7.231710472511823e-10,2129128
gk,QTT,150.0,0.0,20,4.589258459031219,1041176
gk,ITTN,150.0,0.0,20,16.327710259597012,1547768
gk,CTTN,150.0,0.0,20,1.194212078179415,981064
gk,QTT,150.0,0.0,40,4.565171316133592,1358168
gk,ITTN,150.0,0.0,40,19.385007951757213,2566680
gk,CTTN,150.0,0.0,40,0.822359299078011,1169480
gk,QTT,150.0,0.0,60,1.033526102220908,1585144
gk,ITTN,150.0,0.0,60,1.062883984342442,3520504
gk,CTTN,150.0,0.0,60,0.31442145234010005,1299368
gk,QTT,150.0,0.0,80,0.5003828048283647,1788504
gk,ITTN,150.0,0.0,80,0.28672522925078237,4205368
gk,CTTN,150.0,0.0,80,0.0014174418796758295,1404328
gk,QTT,150.0,0.0,100,0.461767547113635,1978744
gk,ITTN,150.0,0.0,100,0.13276793174279186,4387736
gk,CTTN,150.0,0.0,100,1.9253571370414316e-7,1510600
gk,QTT,150.0,0.0,120,0.24445999343588593,2121752
gk,ITTN,150.0,0.0,120,0.004561517954601924,4820696
gk,CTTN,150.0,0.0,120,3.034900260861901e-9,1590632
gk,QTT,150.0,0.0,140,0.05806343412782735,2168248
gk,ITTN,150.0,0.0,140,8.416512886063636e-5,5329016
gk,CTTN,150.0,0.0,140,2.1241269085986968e-9,1591944
gk,QTT,150.0,0.0,160,0.0013006860345506433,2194488
gk,ITTN,150.0,0.0,160,5.7402088842455396e-5,5687192
gk,CTTN,150.0,0.0,160,2.526421010748054e-9,1595880
gk,QTT,150.0,0.0,180,4.9804262237750726e-5,2224664
gk,ITTN,150.0,0.0,180,4.077595040680083e-5,5873496
gk,CTTN,150.0,0.0,180,2.345510916203027e-9,1594568
gk,QTT,150.0,0.0,200,7.696453027770928e-8,2253528
gk,ITTN,150.0,0.0,200,4.0236759809454726e-5,5923352
gk,CTTN,150.0,0.0,200,2.2114942656035805e-9,1594568
gk,QTT,150.0,1.0,20,0.07256840921179301,1327192
gk,ITTN,150.0,1.0,20,0.1398961288320769,1770808
gk,CTTN,150.0,1.0,20,0.011750189861518162,1200168
gk,QTT,150.0,1.0,40,0.0303991538635781,1792440
gk,ITTN,150.0,1.0,40,0.0413604093841349,3096728
gk,CTTN,150.0,1.0,40,0.0011171073634213395,1565704
gk,QTT,150.0,1.0,60,0.005092183880962169,2167672
gk,ITTN,150.0,1.0,60,0.03489418420261463,4298520
gk,CTTN,150.0,1.0,60,2.9632723674023813e-5,1854344
gk,QTT,150.0,1.0,80,0.00067313835474475,2436632
gk,ITTN,150.0,1.0,80,0.027926340082604847,5454392
gk,CTTN,150.0,1.0,80,1.0710605240245808e-6,2076072
gk,QTT,150.0,1.0,100,6.054886065629187e-5,2603256
gk,ITTN,150.0,1.0,100,0.05645261575554083,6607640
gk,CTTN,150.0,1.0,100,1.8711257662165628e-8,2184968
gk,QTT,150.0,1.0,120,1.2699883840826307e-6,2746264
gk,ITTN,150.0,1.0,120,0.06820487780924503,7923576
gk,CTTN,150.0,1.0,120,8.839658172606426e-10,2265000
gk,QTT,150.0,1.0,140,6.16031702273689e-10,2771768
gk,ITTN,150.0,1.0,140,0.046872595835363275,8955384
gk,CTTN,150.0,1.0,140,5.026452565146389e-10,2305672
gk,QTT,150.0,1.0,160,4.864144273678073e-10,2798008
gk,ITTN,150.0,1.0,160,0.052462896369821446,9990552
gk,CTTN,150.0,1.0,160,5.752258875772212e-10,2300424
gk,QTT,150.0,1.0,180,9.487681457621513e-10,2770456
gk,ITTN,150.0,1.0,180,0.08643992392900081,10779064
gk,CTTN,150.0,1.0,180,4.815563681256966e-10,2291240
gk,QTT,150.0,1.0,200,5.933001360800926e-10,2787512
gk,ITTN,150.0,1.0,200,0.047178935478594,11868024
gk,CTTN,150.0,1.0,200,5.65442170477071e-10,2291240
gk,QTT,200.0,0.001,20,1.2740517180201216,1216984
gk,ITTN,200.0,0.001,20,2.4180780071722014,1677656
gk,CTTN,200.0,0.001,20,0.5633673830339846,1156872
gk,QTT,200.0,0.001,40,2.1555840963393313,1615320
gk,ITTN,200.0,0.001,40,2.0880306904687087,2899928
gk,CTTN,200.0,0.001,40,0.3984549087485048,1430568
gk,QTT,200.0,0.001,60,0.6437957393234466,1911832
gk,ITTN,200.0,0.001,60,0.93560920659341,4070232
gk,CTTN,200.0,0.001,60,0.25666556712431987,1620808
gk,QTT,200.0,0.001,80,0.5989792851062239,2140120
gk,ITTN,200.0,0.001,80,0.5264006834696162,5185432
gk,CTTN,200.0,0.001,80,0.13128553129053164,1752008
gk,QTT,200.0,0.001,100,0.43704979262780724,2334296
gk,ITTN,200.0,0.001,100,0.2852682016445063,6296696
gk,CTTN,200.0,0.001,100,0.0609541412745173,1877960
gk,QTT,200.0,0.001,120,0.18991351117086216,2485176
gk,ITTN,200.0,0.001,120,0.13257318141603122,7522104
gk,CTTN,200.0,0.001,120,0.017293916238652677,1963240
gk,QTT,200.0,0.001,140,0.03434221815494729,2637944
gk,ITTN,200.0,0.001,140,0.027458436167125136,8543416
gk,CTTN,200.0,0.001,140,0.002230543902139665,2055656
gk,QTT,200.0,0.001,160,0.0024110934113402717,2763896
gk,ITTN,200.0,0.001,160,0.007075363766101932,9720280
gk,CTTN,200.0,0.001,160,5.297408103775594e-5,2160616
gk,QTT,200.0,0.001,180,2.9740937761902832e-5,2849176
gk,ITTN,200.0,0.001,180,0.0008756756519748434,10687224
gk,CTTN,200.0,0.001,180,2.874398992710783e-6,2231464
gk,QTT,200.0,0.001,200,6.404602762198059e-8,2952824
gk,ITTN,200.0,0.001,200,0.001654376436072668,11794552
gk,CTTN,200.0,0.001,200,5.503981695358394e-8,2297064
gk,QTT,200.0,0.01,20,0.7670332554582456,1234040
gk,ITTN,200.0,0.01,20,0.8239905381661046,1702584
gk,CTTN,200.0,0.01,20,0.23155296407143278,1160808
gk,QTT,200.0,0.01,40,0.8837692920362326,1649432
gk,ITTN,200.0,0.01,40,0.5643443262438732,2898616
gk,CTTN,200.0,0.01,40,0.16450635567712033,1462056
gk,QTT,200.0,0.01,60,0.5746737413733033,1934136
gk,ITTN,200.0,0.01,60,0.5831655018977551,4118776
gk,CTTN,200.0,0.01,60,0.11780621723818654,1650984
gk,QTT,200.0,0.01,80,0.39521570612261103,2167672
gk,ITTN,200.0,0.01,80,0.5096616738957465,5257592
gk,CTTN,200.0,0.01,80,0.07084339686668824,1791368
gk,QTT,200.0,0.01,100,0.19199320448264567,2386776
gk,ITTN,200.0,0.01,100,0.48792720897034536,6305880
gk,CTTN,200.0,0.01,100,0.02249543989125586,1933064
gk,QTT,200.0,0.01,120,0.04975152739082702,2529784
gk,ITTN,200.0,0.01,120,0.1882519084245551,7561464
gk,CTTN,200.0,0.01,120,0.00553911073170108,2017032
gk,QTT,200.0,0.01,140,0.006389613346802989,2690424
gk,ITTN,200.0,0.01,140,0.15254570804141582,8763832
gk,CTTN,200.0,0.01,140,0.0011385115911302258,2116008
gk,QTT,200.0,0.01,160,0.0005025750029001528,2799320
gk,ITTN,200.0,0.01,160,0.06357425037652911,9711096
gk,CTTN,200.0,0.01,160,0.00011556728138279699,2206536
gk,QTT,200.0,0.01,180,2.575445075292623e-5,2905592
gk,ITTN,200.0,0.01,180,0.048537543020527416,10697720
gk,CTTN,200.0,0.01,180,3.743964099301518e-6,2278696
gk,QTT,200.0,0.01,200,4.404396245745526e-8,3005304
gk,ITTN,200.0,0.01,200,0.03184059829567308,12118616
gk,CTTN,200.0,0.01,200,4.431251431445129e-8,2341672
gk,QTT,200.0,0.1,20,0.2688761267544142,1257656
gk,ITTN,200.0,0.1,20,0.26361129271548983,1717016
gk,CTTN,200.0,0.1,20,0.0982560013012484,1200168
gk,QTT,200.0,0.1,40,0.2779053713427092,1662552
gk,ITTN,200.0,0.1,40,0.16325264071182552,2978648
gk,CTTN,200.0,0.1,40,0.029948977841568702,1463368
gk,QTT,200.0,0.1,60,0.10722406355660895,1959064
gk,ITTN,200.0,0.1,60,0.10081681993150357,4087288
gk,CTTN,200.0,0.1,60,0.006672735038812814,1686408
gk,QTT,200.0,0.1,80,0.036249905998738924,2220152
gk,ITTN,200.0,0.1,80,0.10698379912377384,5405848
gk,CTTN,200.0,0.1,80,0.0011260430011551883,1839912
gk,QTT,200.0,0.1,100,0.016124881781742362,2397272
gk,ITTN,200.0,0.1,100,0.0703630574372338,6471192
gk,CTTN,200.0,0.1,100,0.00017296118384679544,1984232
gk,QTT,200.0,0.1,120,0.0016977770970273327,2580952
gk,ITTN,200.0,0.1,120,0.05340409929077883,7653304
gk,CTTN,200.0,0.1,120,1.7297671803241645e-5,2078696
gk,QTT,200.0,0.1,140,3.031234236470962e-6,2724536
gk,ITTN,200.0,0.1,140,0.049155867711316865,8723160
gk,CTTN,200.0,0.1,140,8.554160311192378e-7,2184232
gk,QTT,200.0,0.1,160,1.1920683332629322e-7,2846552
gk,ITTN,200.0,0.1,160,0.047672081835575135,9762264
gk,CTTN,200.0,0.1,160,4.160398525372345e-8,2260328
gk,QTT,200.0,0.1,180,2.0279616440581795e-9,2921336
gk,ITTN,200.0,0.1,180,0.04212547184230632,10803992
gk,CTTN,200.0,0.1,180,8.223448686724303e-10,2312808
gk,QTT,200.0,0.1,200,6.850546097091775e-10,2954136
gk,ITTN,200.0,0.1,200,0.03220546854640187,11807672
gk,CTTN,200.0,0.1,200,6.435360531938516e-10,2333800
gk,QTT,200.0,0.0,20,3.8696055760144703,1058232
gk,ITTN,200.0,0.0,20,9.593855489109586,1567448
gk,CTTN,200.0,0.0,20,1.4191705923263376,995496
gk,QTT,200.0,0.0,40,3.5205418499197534,1396216
gk,ITTN,200.0,0.0,40,39.87364697210405,2608664
gk,CTTN,200.0,0.0,40,1.1727450127300698,1200968
gk,QTT,200.0,0.0,60,1.1561549435275802,1650744
gk,ITTN,200.0,0.0,60,1.8958421818785611,3566424
gk,CTTN,200.0,0.0,60,0.28382499521670446,1350536
gk,QTT,200.0,0.0,80,0.5030162258292664,1876408
gk,ITTN,200.0,0.0,80,0.3625890677336529,4223736
gk,CTTN,200.0,0.0,80,0.0017488099628925142,1492232
gk,QTT,200.0,0.0,100,0.4777700410584022,2085016
gk,ITTN,200.0,0.0,100,0.11511583692180599,4392984
gk,CTTN,200.0,0.0,100,3.225419875305301e-7,1616872
gk,QTT,200.0,0.0,120,0.23466404768870233,2234584
gk,ITTN,200.0,0.0,120,0.006128619458782636,4888920
gk,CTTN,200.0,0.0,120,2.264514749759874e-9,1717896
gk,QTT,200.0,0.0,140,0.06529067110312779,2292888
gk,ITTN,200.0,0.0,140,6.742981823673662e-5,5428728
gk,CTTN,200.0,0.0,140,2.271170581270593e-9,1715272
gk,QTT,200.0,0.0,160,0.001989182912318447,2316504
gk,ITTN,200.0,0.0,160,1.8713337847080368e-5,5851192
gk,CTTN,200.0,0.0,160,2.2784156107788246e-9,1713960
gk,QTT,200.0,0.0,180,4.57473586747757e-5,2353240
gk,ITTN,200.0,0.0,180,7.73800118080694e-6,6006008
gk,CTTN,200.0,0.0,180,2.4061304178008684e-9,1713960
gk,QTT,200.0,0.0,200,7.66927843338344e-8,2376856
gk,ITTN,200.0,0.0,200,7.930043896838171e-5,6021752
gk,CTTN,200.0,0.0,200,2.5544490810430984e-9,1717896
gk,QTT,200.0,1.0,20,0.06915095403442566,1282584
gk,ITTN,200.0,1.0,20,0.12498039099100902,1736696
gk,CTTN,200.0,1.0,20,0.013650826872930365,1206728
gk,QTT,200.0,1.0,40,0.029031233914650987,1867224
gk,ITTN,200.0,1.0,40,0.0384753503085153,3071800
gk,CTTN,200.0,1.0,40,0.0011413404691505702,1577512
gk,QTT,200.0,1.0,60,0.003555931701801612,2108632
gk,ITTN,200.0,1.0,60,0.06339925072746859,4322136
gk,CTTN,200.0,1.0,60,7.743966336670085e-5,1892392
gk,QTT,200.0,1.0,80,0.000672586681016703,2494360
gk,ITTN,200.0,1.0,80,0.03971613872991802,5475384
gk,CTTN,200.0,1.0,80,2.5474715128936182e-6,2150856
gk,QTT,200.0,1.0,100,4.433401147045257e-5,2693784
gk,ITTN,200.0,1.0,100,0.06609149479059082,6658808
gk,CTTN,200.0,1.0,100,9.663358603654815e-8,2310920
gk,QTT,200.0,1.0,120,1.5062196404553191e-6,2864344
gk,ITTN,200.0,1.0,120,0.048098802158645225,7805496
gk,CTTN,200.0,1.0,120,3.507962061487521e-9,2397512
gk,QTT,200.0,1.0,140,6.646349779591764e-10,2935768
gk,ITTN,200.0,1.0,140,0.03405623486906833,8866168
gk,CTTN,200.0,1.0,140,5.479030008983848e-10,2450568
gk,QTT,200.0,1.0,160,6.373972970358193e-10,2934456
gk,ITTN,200.0,1.0,160,0.027139426279248452,10007608
gk,CTTN,200.0,1.0,160,4.450077166312779e-10,2458440
gk,QTT,200.0,1.0,180,5.119249607258529e-10,2948888
gk,ITTN,200.0,1.0,180,0.03251126228015847,10830232
gk,CTTN,200.0,1.0,180,5.087939344199906e-10,2444008
gk,QTT,200.0,1.0,200,6.0195040009219e-10,2926584
gk,ITTN,200.0,1.0,200,0.036704183386347386,12042520
gk,CTTN,200.0,1.0,200,4.906566471826909e-10,2453192
